featured_as,series_id,origin,model_id,ds,lead_day,actual,prediction,lower,upper
median_native_minus_prophet,MANHATTAN|HEAT/HOT WATER,2025-11-30,snaive7,2025-12-01,1,476,284.0,,
median_native_minus_prophet,MANHATTAN|HEAT/HOT WATER,2025-11-30,snaive7,2025-12-02,2,459,229.0,,
median_native_minus_prophet,MANHATTAN|HEAT/HOT WATER,2025-11-30,snaive7,2025-12-03,3,533,184.0,,
median_native_minus_prophet,MANHATTAN|HEAT/HOT WATER,2025-11-30,snaive7,2025-12-04,4,527,361.0,,
median_native_minus_prophet,MANHATTAN|HEAT/HOT WATER,2025-11-30,snaive7,2025-12-05,5,896,533.0,,
median_native_minus_prophet,MANHATTAN|HEAT/HOT WATER,2025-11-30,snaive7,2025-12-06,6,456,418.0,,
median_native_minus_prophet,MANHATTAN|HEAT/HOT WATER,2025-11-30,snaive7,2025-12-07,7,460,435.0,,
median_native_minus_prophet,MANHATTAN|HEAT/HOT WATER,2025-11-30,snaive7,2025-12-08,8,734,284.0,,
median_native_minus_prophet,MANHATTAN|HEAT/HOT WATER,2025-11-30,snaive7,2025-12-09,9,888,229.0,,
median_native_minus_prophet,MANHATTAN|HEAT/HOT WATER,2025-11-30,snaive7,2025-12-10,10,470,184.0,,
median_native_minus_prophet,MANHATTAN|HEAT/HOT WATER,2025-11-30,snaive7,2025-12-11,11,419,361.0,,
median_native_minus_prophet,MANHATTAN|HEAT/HOT WATER,2025-11-30,snaive7,2025-12-12,12,558,533.0,,
median_native_minus_prophet,MANHATTAN|HEAT/HOT WATER,2025-11-30,snaive7,2025-12-13,13,430,418.0,,
median_native_minus_prophet,MANHATTAN|HEAT/HOT WATER,2025-11-30,snaive7,2025-12-14,14,567,435.0,,
median_native_minus_prophet,MANHATTAN|HEAT/HOT WATER,2025-11-30,snaive7,2025-12-15,15,873,284.0,,
median_native_minus_prophet,MANHATTAN|HEAT/HOT WATER,2025-11-30,snaive7,2025-12-16,16,674,229.0,,
median_native_minus_prophet,MANHATTAN|HEAT/HOT WATER,2025-11-30,snaive7,2025-12-17,17,488,184.0,,
median_native_minus_prophet,MANHATTAN|HEAT/HOT WATER,2025-11-30,snaive7,2025-12-18,18,282,361.0,,
median_native_minus_prophet,MANHATTAN|HEAT/HOT WATER,2025-11-30,snaive7,2025-12-19,19,308,533.0,,
median_native_minus_prophet,MANHATTAN|HEAT/HOT WATER,2025-11-30,snaive7,2025-12-20,20,378,418.0,,
median_native_minus_prophet,MANHATTAN|HEAT/HOT WATER,2025-11-30,snaive7,2025-12-21,21,308,435.0,,
median_native_minus_prophet,MANHATTAN|HEAT/HOT WATER,2025-11-30,snaive7,2025-12-22,22,411,284.0,,
median_native_minus_prophet,MANHATTAN|HEAT/HOT WATER,2025-11-30,snaive7,2025-12-23,23,267,229.0,,
median_native_minus_prophet,MANHATTAN|HEAT/HOT WATER,2025-11-30,snaive7,2025-12-24,24,274,184.0,,
median_native_minus_prophet,MANHATTAN|HEAT/HOT WATER,2025-11-30,snaive7,2025-12-25,25,285,361.0,,
median_native_minus_prophet,MANHATTAN|HEAT/HOT WATER,2025-11-30,snaive7,2025-12-26,26,507,533.0,,
median_native_minus_prophet,MANHATTAN|HEAT/HOT WATER,2025-11-30,snaive7,2025-12-27,27,641,418.0,,
median_native_minus_prophet,MANHATTAN|HEAT/HOT WATER,2025-11-30,snaive7,2025-12-28,28,554,435.0,,
median_native_minus_prophet,MANHATTAN|HEAT/HOT WATER,2025-11-30,prophet_tuned,2025-12-01,1,476,454.2143154993028,321.46521052099956,593.8322050836915
median_native_minus_prophet,MANHATTAN|HEAT/HOT WATER,2025-11-30,prophet_tuned,2025-12-02,2,459,457.92668599701636,317.59822605696286,587.4860080935109
median_native_minus_prophet,MANHATTAN|HEAT/HOT WATER,2025-11-30,prophet_tuned,2025-12-03,3,533,448.05067656883745,309.3388568132411,585.0478475187011
median_native_minus_prophet,MANHATTAN|HEAT/HOT WATER,2025-11-30,prophet_tuned,2025-12-04,4,527,447.04742530306305,312.5517414927384,579.8828728288239
median_native_minus_prophet,MANHATTAN|HEAT/HOT WATER,2025-11-30,prophet_tuned,2025-12-05,5,896,434.59301006489943,303.1267299150757,573.4148509660317
median_native_minus_prophet,MANHATTAN|HEAT/HOT WATER,2025-11-30,prophet_tuned,2025-12-06,6,456,430.3046243522984,299.81697447743636,586.7074877331415
median_native_minus_prophet,MANHATTAN|HEAT/HOT WATER,2025-11-30,prophet_tuned,2025-12-07,7,460,433.3622740702721,302.95552043548537,562.1759625749361
median_native_minus_prophet,MANHATTAN|HEAT/HOT WATER,2025-11-30,prophet_tuned,2025-12-08,8,734,468.26271502174944,341.4396955402107,604.0666686844372
median_native_minus_prophet,MANHATTAN|HEAT/HOT WATER,2025-11-30,prophet_tuned,2025-12-09,9,888,468.00316503102874,329.8143787961999,590.6342028638978
median_native_minus_prophet,MANHATTAN|HEAT/HOT WATER,2025-11-30,prophet_tuned,2025-12-10,10,470,453.82602826378036,317.9816953187876,599.8784107120632
median_native_minus_prophet,MANHATTAN|HEAT/HOT WATER,2025-11-30,prophet_tuned,2025-12-11,11,419,448.3405989503161,321.3843791536284,580.2017489877717
median_native_minus_prophet,MANHATTAN|HEAT/HOT WATER,2025-11-30,prophet_tuned,2025-12-12,12,558,431.2490226085391,288.9601799099019,565.6069754285872
median_native_minus_prophet,MANHATTAN|HEAT/HOT WATER,2025-11-30,prophet_tuned,2025-12-13,13,430,422.3210412108112,285.85494134127936,553.2392384624281
median_native_minus_prophet,MANHATTAN|HEAT/HOT WATER,2025-11-30,prophet_tuned,2025-12-14,14,567,420.8308312567567,291.08200098573883,551.3546518307841
median_native_minus_prophet,MANHATTAN|HEAT/HOT WATER,2025-11-30,prophet_tuned,2025-12-15,15,873,451.44710851053804,320.71396216135116,591.4442142596773
median_native_minus_prophet,MANHATTAN|HEAT/HOT WATER,2025-11-30,prophet_tuned,2025-12-16,16,674,447.0615493390264,299.74297734819436,588.9243612936091
median_native_minus_prophet,MANHATTAN|HEAT/HOT WATER,2025-11-30,prophet_tuned,2025-12-17,17,488,429.0744269475548,287.85442989867045,564.4785960015561
median_native_minus_prophet,MANHATTAN|HEAT/HOT WATER,2025-11-30,prophet_tuned,2025-12-18,18,282,420.25125679811106,279.35398427693775,558.973186639311
median_native_minus_prophet,MANHATTAN|HEAT/HOT WATER,2025-11-30,prophet_tuned,2025-12-19,19,308,400.31297436417793,257.94223480504604,540.0108027409965
median_native_minus_prophet,MANHATTAN|HEAT/HOT WATER,2025-11-30,prophet_tuned,2025-12-20,20,378,389.15905178965875,249.48441329970845,517.916952252188
median_native_minus_prophet,MANHATTAN|HEAT/HOT WATER,2025-11-30,prophet_tuned,2025-12-21,21,308,386.1196598320915,247.2080484919368,520.3050267838877
median_native_minus_prophet,MANHATTAN|HEAT/HOT WATER,2025-11-30,prophet_tuned,2025-12-22,22,411,415.98250698012566,272.9999615491581,549.0649754537329
median_native_minus_prophet,MANHATTAN|HEAT/HOT WATER,2025-11-30,prophet_tuned,2025-12-23,23,267,411.4669159287696,267.0435658514202,541.6039211252695
median_native_minus_prophet,MANHATTAN|HEAT/HOT WATER,2025-11-30,prophet_tuned,2025-12-24,24,274,394.05168067199224,251.6913360409142,521.7088726112551
median_native_minus_prophet,MANHATTAN|HEAT/HOT WATER,2025-11-30,prophet_tuned,2025-12-25,25,285,386.56830002772443,241.99500248445128,527.0054574041574
median_native_minus_prophet,MANHATTAN|HEAT/HOT WATER,2025-11-30,prophet_tuned,2025-12-26,26,507,368.6573209626704,234.11301108836537,495.8469097640559
median_native_minus_prophet,MANHATTAN|HEAT/HOT WATER,2025-11-30,prophet_tuned,2025-12-27,27,641,360.2420350198355,217.0894131050033,494.7031912152973
median_native_minus_prophet,MANHATTAN|HEAT/HOT WATER,2025-11-30,prophet_tuned,2025-12-28,28,554,360.5983807065713,223.27270842051183,491.49328733783767
median_native_minus_prophet,MANHATTAN|HEAT/HOT WATER,2025-11-30,ai_forecast_v2,2025-12-01,1,476,458.9779357910156,284.8127136230469,663.587646484375
median_native_minus_prophet,MANHATTAN|HEAT/HOT WATER,2025-11-30,ai_forecast_v2,2025-12-02,2,459,430.714111328125,248.3558349609375,701.4807739257812
median_native_minus_prophet,MANHATTAN|HEAT/HOT WATER,2025-11-30,ai_forecast_v2,2025-12-03,3,533,425.9945373535156,238.02679443359375,733.60888671875
median_native_minus_prophet,MANHATTAN|HEAT/HOT WATER,2025-11-30,ai_forecast_v2,2025-12-04,4,527,415.2669677734375,230.93829345703125,707.2828369140625
median_native_minus_prophet,MANHATTAN|HEAT/HOT WATER,2025-11-30,ai_forecast_v2,2025-12-05,5,896,413.1627197265625,221.63140869140625,702.3775634765625
median_native_minus_prophet,MANHATTAN|HEAT/HOT WATER,2025-11-30,ai_forecast_v2,2025-12-06,6,456,393.1414794921875,211.65264892578125,690.0504150390625
median_native_minus_prophet,MANHATTAN|HEAT/HOT WATER,2025-11-30,ai_forecast_v2,2025-12-07,7,460,398.5339660644531,211.551513671875,713.9063720703125
median_native_minus_prophet,MANHATTAN|HEAT/HOT WATER,2025-11-30,ai_forecast_v2,2025-12-08,8,734,415.79998779296875,225.52587890625,721.5252685546875
median_native_minus_prophet,MANHATTAN|HEAT/HOT WATER,2025-11-30,ai_forecast_v2,2025-12-09,9,888,413.4959716796875,226.45582580566406,728.757080078125
median_native_minus_prophet,MANHATTAN|HEAT/HOT WATER,2025-11-30,ai_forecast_v2,2025-12-10,10,470,424.5397033691406,233.80450439453125,734.2649536132812
median_native_minus_prophet,MANHATTAN|HEAT/HOT WATER,2025-11-30,ai_forecast_v2,2025-12-11,11,419,422.40380859375,230.11788940429688,726.6005859375
median_native_minus_prophet,MANHATTAN|HEAT/HOT WATER,2025-11-30,ai_forecast_v2,2025-12-12,12,558,419.47601318359375,236.27078247070312,711.73583984375
median_native_minus_prophet,MANHATTAN|HEAT/HOT WATER,2025-11-30,ai_forecast_v2,2025-12-13,13,430,411.1756286621094,225.06761169433594,700.1868896484375
median_native_minus_prophet,MANHATTAN|HEAT/HOT WATER,2025-11-30,ai_forecast_v2,2025-12-14,14,567,401.1040954589844,220.2580108642578,699.3399047851562
median_native_minus_prophet,MANHATTAN|HEAT/HOT WATER,2025-11-30,ai_forecast_v2,2025-12-15,15,873,422.5260009765625,224.0054168701172,706.1514892578125
median_native_minus_prophet,MANHATTAN|HEAT/HOT WATER,2025-11-30,ai_forecast_v2,2025-12-16,16,674,408.035400390625,222.5960235595703,702.7893676757812
median_native_minus_prophet,MANHATTAN|HEAT/HOT WATER,2025-11-30,ai_forecast_v2,2025-12-17,17,488,423.89404296875,233.162353515625,714.564697265625
median_native_minus_prophet,MANHATTAN|HEAT/HOT WATER,2025-11-30,ai_forecast_v2,2025-12-18,18,282,414.4773254394531,220.55393981933594,754.7378540039062
median_native_minus_prophet,MANHATTAN|HEAT/HOT WATER,2025-11-30,ai_forecast_v2,2025-12-19,19,308,413.81280517578125,222.07113647460938,789.9649658203125
median_native_minus_prophet,MANHATTAN|HEAT/HOT WATER,2025-11-30,ai_forecast_v2,2025-12-20,20,378,404.3325500488281,216.58056640625,765.0020751953125
median_native_minus_prophet,MANHATTAN|HEAT/HOT WATER,2025-11-30,ai_forecast_v2,2025-12-21,21,308,422.0782470703125,215.12796020507812,776.2718505859375
median_native_minus_prophet,MANHATTAN|HEAT/HOT WATER,2025-11-30,ai_forecast_v2,2025-12-22,22,411,411.00994873046875,217.00303649902344,777.5003051757812
median_native_minus_prophet,MANHATTAN|HEAT/HOT WATER,2025-11-30,ai_forecast_v2,2025-12-23,23,267,420.80120849609375,212.41949462890625,795.6368408203125
median_native_minus_prophet,MANHATTAN|HEAT/HOT WATER,2025-11-30,ai_forecast_v2,2025-12-24,24,274,416.1220703125,217.31689453125,783.43896484375
median_native_minus_prophet,MANHATTAN|HEAT/HOT WATER,2025-11-30,ai_forecast_v2,2025-12-25,25,285,409.33343505859375,215.15185546875,774.694580078125
median_native_minus_prophet,MANHATTAN|HEAT/HOT WATER,2025-11-30,ai_forecast_v2,2025-12-26,26,507,415.9158935546875,220.4557342529297,772.0315551757812
median_native_minus_prophet,MANHATTAN|HEAT/HOT WATER,2025-11-30,ai_forecast_v2,2025-12-27,27,641,403.7474670410156,213.72311401367188,761.5952758789062
median_native_minus_prophet,MANHATTAN|HEAT/HOT WATER,2025-11-30,ai_forecast_v2,2025-12-28,28,554,414.04144287109375,222.3944854736328,757.1963500976562
worst_native_minus_prophet,BROOKLYN|HEAT/HOT WATER,2025-11-30,snaive7,2025-12-01,1,558,326.0,,
worst_native_minus_prophet,BROOKLYN|HEAT/HOT WATER,2025-11-30,snaive7,2025-12-02,2,493,250.0,,
worst_native_minus_prophet,BROOKLYN|HEAT/HOT WATER,2025-11-30,snaive7,2025-12-03,3,569,233.0,,
worst_native_minus_prophet,BROOKLYN|HEAT/HOT WATER,2025-11-30,snaive7,2025-12-04,4,563,319.0,,
worst_native_minus_prophet,BROOKLYN|HEAT/HOT WATER,2025-11-30,snaive7,2025-12-05,5,941,567.0,,
worst_native_minus_prophet,BROOKLYN|HEAT/HOT WATER,2025-11-30,snaive7,2025-12-06,6,488,619.0,,
worst_native_minus_prophet,BROOKLYN|HEAT/HOT WATER,2025-11-30,snaive7,2025-12-07,7,457,428.0,,
worst_native_minus_prophet,BROOKLYN|HEAT/HOT WATER,2025-11-30,snaive7,2025-12-08,8,848,326.0,,
worst_native_minus_prophet,BROOKLYN|HEAT/HOT WATER,2025-11-30,snaive7,2025-12-09,9,994,250.0,,
worst_native_minus_prophet,BROOKLYN|HEAT/HOT WATER,2025-11-30,snaive7,2025-12-10,10,579,233.0,,
worst_native_minus_prophet,BROOKLYN|HEAT/HOT WATER,2025-11-30,snaive7,2025-12-11,11,515,319.0,,
worst_native_minus_prophet,BROOKLYN|HEAT/HOT WATER,2025-11-30,snaive7,2025-12-12,12,588,567.0,,
worst_native_minus_prophet,BROOKLYN|HEAT/HOT WATER,2025-11-30,snaive7,2025-12-13,13,464,619.0,,
worst_native_minus_prophet,BROOKLYN|HEAT/HOT WATER,2025-11-30,snaive7,2025-12-14,14,644,428.0,,
worst_native_minus_prophet,BROOKLYN|HEAT/HOT WATER,2025-11-30,snaive7,2025-12-15,15,1026,326.0,,
worst_native_minus_prophet,BROOKLYN|HEAT/HOT WATER,2025-11-30,snaive7,2025-12-16,16,692,250.0,,
worst_native_minus_prophet,BROOKLYN|HEAT/HOT WATER,2025-11-30,snaive7,2025-12-17,17,406,233.0,,
worst_native_minus_prophet,BROOKLYN|HEAT/HOT WATER,2025-11-30,snaive7,2025-12-18,18,306,319.0,,
worst_native_minus_prophet,BROOKLYN|HEAT/HOT WATER,2025-11-30,snaive7,2025-12-19,19,372,567.0,,
worst_native_minus_prophet,BROOKLYN|HEAT/HOT WATER,2025-11-30,snaive7,2025-12-20,20,400,619.0,,
worst_native_minus_prophet,BROOKLYN|HEAT/HOT WATER,2025-11-30,snaive7,2025-12-21,21,353,428.0,,
worst_native_minus_prophet,BROOKLYN|HEAT/HOT WATER,2025-11-30,snaive7,2025-12-22,22,453,326.0,,
worst_native_minus_prophet,BROOKLYN|HEAT/HOT WATER,2025-11-30,snaive7,2025-12-23,23,360,250.0,,
worst_native_minus_prophet,BROOKLYN|HEAT/HOT WATER,2025-11-30,snaive7,2025-12-24,24,267,233.0,,
worst_native_minus_prophet,BROOKLYN|HEAT/HOT WATER,2025-11-30,snaive7,2025-12-25,25,235,319.0,,
worst_native_minus_prophet,BROOKLYN|HEAT/HOT WATER,2025-11-30,snaive7,2025-12-26,26,566,567.0,,
worst_native_minus_prophet,BROOKLYN|HEAT/HOT WATER,2025-11-30,snaive7,2025-12-27,27,560,619.0,,
worst_native_minus_prophet,BROOKLYN|HEAT/HOT WATER,2025-11-30,snaive7,2025-12-28,28,523,428.0,,
worst_native_minus_prophet,BROOKLYN|HEAT/HOT WATER,2025-11-30,prophet_tuned,2025-12-01,1,558,552.6573016112267,379.4797892685386,725.8654682952005
worst_native_minus_prophet,BROOKLYN|HEAT/HOT WATER,2025-11-30,prophet_tuned,2025-12-02,2,493,562.2090856997008,380.8189707244796,733.4190477329264
worst_native_minus_prophet,BROOKLYN|HEAT/HOT WATER,2025-11-30,prophet_tuned,2025-12-03,3,569,553.9963325084278,375.77303340882526,729.7257395684214
worst_native_minus_prophet,BROOKLYN|HEAT/HOT WATER,2025-11-30,prophet_tuned,2025-12-04,4,563,558.8643978153607,391.5370514482864,739.1083418948774
worst_native_minus_prophet,BROOKLYN|HEAT/HOT WATER,2025-11-30,prophet_tuned,2025-12-05,5,941,549.169734454344,364.9475256298991,730.8951885487157
worst_native_minus_prophet,BROOKLYN|HEAT/HOT WATER,2025-11-30,prophet_tuned,2025-12-06,6,488,549.1911298462263,381.6367864925288,729.8882611657875
worst_native_minus_prophet,BROOKLYN|HEAT/HOT WATER,2025-11-30,prophet_tuned,2025-12-07,7,457,546.2380110798159,377.0708400326969,718.9762128613343
worst_native_minus_prophet,BROOKLYN|HEAT/HOT WATER,2025-11-30,prophet_tuned,2025-12-08,8,848,592.6693808098468,412.19361046232,759.1670744172001
worst_native_minus_prophet,BROOKLYN|HEAT/HOT WATER,2025-11-30,prophet_tuned,2025-12-09,9,994,597.7350660303027,422.0889138988793,770.4241767073303
worst_native_minus_prophet,BROOKLYN|HEAT/HOT WATER,2025-11-30,prophet_tuned,2025-12-10,10,579,584.5224612672798,405.2352277206954,753.8512636258462
worst_native_minus_prophet,BROOKLYN|HEAT/HOT WATER,2025-11-30,prophet_tuned,2025-12-11,11,515,584.0552753261691,411.1247529759265,767.6272307318419
worst_native_minus_prophet,BROOKLYN|HEAT/HOT WATER,2025-11-30,prophet_tuned,2025-12-12,12,588,568.7197078091936,401.27755071885804,744.9068775312086
worst_native_minus_prophet,BROOKLYN|HEAT/HOT WATER,2025-11-30,prophet_tuned,2025-12-13,13,464,562.9734061067014,376.3947698102558,739.4847552796558
worst_native_minus_prophet,BROOKLYN|HEAT/HOT WATER,2025-11-30,prophet_tuned,2025-12-14,14,644,554.2097315639636,382.6884414593666,743.7276292695374
worst_native_minus_prophet,BROOKLYN|HEAT/HOT WATER,2025-11-30,prophet_tuned,2025-12-15,15,1026,595.0508701898469,426.6987671988236,779.9923831500332
worst_native_minus_prophet,BROOKLYN|HEAT/HOT WATER,2025-11-30,prophet_tuned,2025-12-16,16,692,594.6214653488903,412.72650527458114,765.2751191111142
worst_native_minus_prophet,BROOKLYN|HEAT/HOT WATER,2025-11-30,prophet_tuned,2025-12-17,17,406,576.1896128618563,388.60905356339697,745.8250360047942
worst_native_minus_prophet,BROOKLYN|HEAT/HOT WATER,2025-11-30,prophet_tuned,2025-12-18,18,306,570.9751844884051,396.25024707418385,751.3265913563991
worst_native_minus_prophet,BROOKLYN|HEAT/HOT WATER,2025-11-30,prophet_tuned,2025-12-19,19,372,551.3928488714622,369.34753886721535,727.5576582709886
worst_native_minus_prophet,BROOKLYN|HEAT/HOT WATER,2025-11-30,prophet_tuned,2025-12-20,20,400,542.0583997416851,373.2871988146687,716.8878707656879
worst_native_minus_prophet,BROOKLYN|HEAT/HOT WATER,2025-11-30,prophet_tuned,2025-12-21,21,353,530.409113278013,348.2271121708372,712.0593318046895
worst_native_minus_prophet,BROOKLYN|HEAT/HOT WATER,2025-11-30,prophet_tuned,2025-12-22,22,453,569.2716488059492,390.8069132848396,741.6849800886779
worst_native_minus_prophet,BROOKLYN|HEAT/HOT WATER,2025-11-30,prophet_tuned,2025-12-23,23,360,567.5691597934028,389.3184059608724,736.3019530708684
worst_native_minus_prophet,BROOKLYN|HEAT/HOT WATER,2025-11-30,prophet_tuned,2025-12-24,24,267,548.6580959171287,362.88418483877126,731.4226992493773
worst_native_minus_prophet,BROOKLYN|HEAT/HOT WATER,2025-11-30,prophet_tuned,2025-12-25,25,235,543.8480880669791,366.90568765261673,716.0675304395357
worst_native_minus_prophet,BROOKLYN|HEAT/HOT WATER,2025-11-30,prophet_tuned,2025-12-26,26,566,525.4641854650333,343.2600250525176,699.8415716331855
worst_native_minus_prophet,BROOKLYN|HEAT/HOT WATER,2025-11-30,prophet_tuned,2025-12-27,27,560,518.1532601419036,342.9630098720677,686.506984479721
worst_native_minus_prophet,BROOKLYN|HEAT/HOT WATER,2025-11-30,prophet_tuned,2025-12-28,28,523,509.26343056049393,339.42777084093524,690.0512370804894
worst_native_minus_prophet,BROOKLYN|HEAT/HOT WATER,2025-11-30,ai_forecast_v2,2025-12-01,1,558,420.21539306640625,263.72454833984375,672.0126342773438
worst_native_minus_prophet,BROOKLYN|HEAT/HOT WATER,2025-11-30,ai_forecast_v2,2025-12-02,2,493,408.95660400390625,236.0328369140625,734.4042358398438
worst_native_minus_prophet,BROOKLYN|HEAT/HOT WATER,2025-11-30,ai_forecast_v2,2025-12-03,3,569,411.2208557128906,235.97799682617188,796.2201538085938
worst_native_minus_prophet,BROOKLYN|HEAT/HOT WATER,2025-11-30,ai_forecast_v2,2025-12-04,4,563,413.89068603515625,227.5150604248047,788.5333251953125
worst_native_minus_prophet,BROOKLYN|HEAT/HOT WATER,2025-11-30,ai_forecast_v2,2025-12-05,5,941,428.68548583984375,226.60092163085938,807.721923828125
worst_native_minus_prophet,BROOKLYN|HEAT/HOT WATER,2025-11-30,ai_forecast_v2,2025-12-06,6,488,419.33795166015625,219.8563690185547,792.7928466796875
worst_native_minus_prophet,BROOKLYN|HEAT/HOT WATER,2025-11-30,ai_forecast_v2,2025-12-07,7,457,410.3062744140625,217.28111267089844,806.8096923828125
worst_native_minus_prophet,BROOKLYN|HEAT/HOT WATER,2025-11-30,ai_forecast_v2,2025-12-08,8,848,424.27020263671875,231.19529724121094,810.16943359375
worst_native_minus_prophet,BROOKLYN|HEAT/HOT WATER,2025-11-30,ai_forecast_v2,2025-12-09,9,994,419.07861328125,232.314208984375,817.5471801757812
worst_native_minus_prophet,BROOKLYN|HEAT/HOT WATER,2025-11-30,ai_forecast_v2,2025-12-10,10,579,436.29656982421875,238.4356689453125,822.0199584960938
worst_native_minus_prophet,BROOKLYN|HEAT/HOT WATER,2025-11-30,ai_forecast_v2,2025-12-11,11,515,434.4957275390625,240.2120819091797,818.5616455078125
worst_native_minus_prophet,BROOKLYN|HEAT/HOT WATER,2025-11-30,ai_forecast_v2,2025-12-12,12,588,440.9503479003906,242.96087646484375,801.921142578125
worst_native_minus_prophet,BROOKLYN|HEAT/HOT WATER,2025-11-30,ai_forecast_v2,2025-12-13,13,464,430.6616516113281,234.05685424804688,790.8764038085938
worst_native_minus_prophet,BROOKLYN|HEAT/HOT WATER,2025-11-30,ai_forecast_v2,2025-12-14,14,644,418.70269775390625,233.52976989746094,790.8713989257812
worst_native_minus_prophet,BROOKLYN|HEAT/HOT WATER,2025-11-30,ai_forecast_v2,2025-12-15,15,1026,433.291259765625,230.37344360351562,799.595703125
worst_native_minus_prophet,BROOKLYN|HEAT/HOT WATER,2025-11-30,ai_forecast_v2,2025-12-16,16,692,426.7476806640625,229.13992309570312,800.5773315429688
worst_native_minus_prophet,BROOKLYN|HEAT/HOT WATER,2025-11-30,ai_forecast_v2,2025-12-17,17,406,447.648193359375,249.03475952148438,818.143310546875
worst_native_minus_prophet,BROOKLYN|HEAT/HOT WATER,2025-11-30,ai_forecast_v2,2025-12-18,18,306,435.86370849609375,233.48483276367188,855.9061889648438
worst_native_minus_prophet,BROOKLYN|HEAT/HOT WATER,2025-11-30,ai_forecast_v2,2025-12-19,19,372,431.158203125,235.72201538085938,886.7445678710938
worst_native_minus_prophet,BROOKLYN|HEAT/HOT WATER,2025-11-30,ai_forecast_v2,2025-12-20,20,400,424.8017883300781,228.77755737304688,861.3712768554688
worst_native_minus_prophet,BROOKLYN|HEAT/HOT WATER,2025-11-30,ai_forecast_v2,2025-12-21,21,353,436.2860107421875,226.2209930419922,874.1854248046875
worst_native_minus_prophet,BROOKLYN|HEAT/HOT WATER,2025-11-30,ai_forecast_v2,2025-12-22,22,453,434.816162109375,228.77224731445312,876.1885375976562
worst_native_minus_prophet,BROOKLYN|HEAT/HOT WATER,2025-11-30,ai_forecast_v2,2025-12-23,23,360,437.2106018066406,222.8511962890625,893.577880859375
worst_native_minus_prophet,BROOKLYN|HEAT/HOT WATER,2025-11-30,ai_forecast_v2,2025-12-24,24,267,431.9449462890625,229.8182373046875,877.59033203125
worst_native_minus_prophet,BROOKLYN|HEAT/HOT WATER,2025-11-30,ai_forecast_v2,2025-12-25,25,235,425.7403564453125,228.5482635498047,876.74169921875
worst_native_minus_prophet,BROOKLYN|HEAT/HOT WATER,2025-11-30,ai_forecast_v2,2025-12-26,26,566,434.78729248046875,231.71829223632812,865.6290283203125
worst_native_minus_prophet,BROOKLYN|HEAT/HOT WATER,2025-11-30,ai_forecast_v2,2025-12-27,27,560,421.55322265625,227.48924255371094,858.9691162109375
worst_native_minus_prophet,BROOKLYN|HEAT/HOT WATER,2025-11-30,ai_forecast_v2,2025-12-28,28,523,435.8912658691406,231.57717895507812,846.3041381835938
